"Status","Src","Out","SrcKB","OutKB","Dims"
"OK","RTO_LOGO_CLEANED_UP.png","logo\rto-logo.webp","2000","22","512x473"
"OK","RTO_LOGO_email.png","logo\rto-logo-email.webp","23","14","512x512"
"OK","favicon.png","shared\favicon.png","10","7","180x180"
"OK","Home\index_hero.png","home\home-hero.webp","5531","89","1920x1072"
"OK","About\About_Hero.png","about\about-hero.webp","5685","126","1920x1072"
"OK","About\RS B&W.png","about\elliott-portrait.webp","4937","69","900x964"
"OK","Why-RTO-TOP RIGHT.png","why-rto\why-rto-hero.webp","6624","227","1400x1400"
"OK","WHY-RTO_Wondering.png","why-rto\why-rto-wondering.webp","4347","11","1200x670"
"OK","WHY-RTO_Challenges.png","why-rto\why-rto-challenges.webp","4563","16","1200x670"
"OK","Feebased_topright.png","fee-structure\fees-hero.webp","6273","184","1400x1400"
"OK","Feebased_Project.png","fee-structure\fees-project.webp","4531","19","1200x670"
"OK","Feebased_Retainer.png","fee-structure\fees-retainer.webp","4828","18","1200x670"
"OK","LMAN.png","shared\figure-left.webp","2030","10","900x900"
"OK","RMAN.png","shared\figure-right.webp","2670","11","900x900"
"OK","Value-Opt_top eight hero.png","value-optimization\value-opt-hero.webp","5542","123","1920x1072"
"OK","Value-Opt_section 1_STRATEGIC VALUE OPTIMIZATION.png","value-optimization\value-opt-section-1.webp","4653","21","1200x670"
"OK","Value-Opt_section 2_THE VALUE CREATION OPPORTUNITY.png","value-optimization\value-opt-section-2.webp","4557","26","1200x670"
"OK","Value-Opt_section 3_The RTO Value Optimization Framework.png","value-optimization\value-opt-section-3.webp","4641","27","1200x670"
"OK","Succession Planning\Succession Planning_Hero.png","succession-planning\succession-hero.webp","5231","77","1920x1072"
"OK","Succession Planning\Our Succession Philosophy.png","succession-planning\succession-philosophy.webp","4847","18","1200x670"
"OK","Succession Planning\Succession Planning_Why It Matters.png","succession-planning\succession-why-it-matters.webp","4201","17","1200x670"
"OK","Succession Planning\Succession Planning_Contingency & Emergency Planning.png","succession-planning\succession-contingency.webp","2123","25","1200x1200"
"OK","Succession Planning\Succession Planning_Executive Development & Knowledge Transfer.png","succession-planning\succession-executive-development.webp","4159","28","1200x1200"
"OK","Succession Planning\Succession Planning_Succession Planning Services_Family Business Succession.png","succession-planning\succession-family-business.webp","612","18","728x728"
"OK","Succession Planning\Succession Planning_Succession Planning Services_Management Transition & Buyouts.png","succession-planning\succession-management-transition.webp","4145","31","1200x1200"
"OK","transaction-advisory\transaction-advisory_hero.png","transaction-advisory\transaction-hero.webp","5720","118","1920x1072"
"OK","transaction-advisory\transaction-advisory_Our Transaction Philosophy.png","transaction-advisory\transaction-philosophy.webp","4792","26","1200x670"
"OK","transaction-advisory\transaction-advisory_When-to-Engage_Buyer-in-Mind.png","transaction-advisory\transaction-buyer-in-mind.webp","756","16","828x828"
"OK","transaction-advisory\transaction-advisory_When-to-Engage_Preparing-to-Transact.png","transaction-advisory\transaction-preparing-to-transact.webp","828","19","828x828"
"OK","transaction-advisory\transaction-advisory_When-to-Engage_Received-Offer.png","transaction-advisory\transaction-received-offer.webp","792","15","828x828"
"OK","WHITE PAPER THUMB NAIL.png","white-paper\exit-readiness-gap-cover.webp","422","42","779x1002"
